id,Country,Data,Year
1,Algeria,100,2015
2,Angola,50,2015
3,Benin,50,2015
4,Burkina Faso,14.29,2015
5,Burundi,33.33,2015
6,Cameroon,1.2,2015
7,Cape Verde,100,2015
8,Central African Republic,50,2015
9,Chad,50,2015
10,Comoros,100,2015
11,Congo Democratic Republic,11.11,2015
12,Cote d'Ivoire,75,2015
13,Djibouti,50,2015
14,Egypt,14.29,2015
15,Eritrea,100,2015
16,Eswatini,100,2015
17,Ethiopia,100,2015
18,Gabon,50,2015
19,Gambia,100,2015
20,Ghana,10,2015
21,Guinea,,2015
22,Guinea Bissau,50,2015
23,Kenya,20,2015
24,Lesotho,100,2015
25,Liberia,14.28,2015
26,Madagascar,50,2015
27,Malawi,33.33,2015
28,Mali,50,2015
29,Mauritania,50,2015
30,Mauritius,33.3,2015
31,Morocco,100,2015
32,Mozambique,100,2015
33,Namibia,50,2015
34,Niger,33.33,2015
35,Nigeria,92.3,2015
36,Rwanda,54.5,2015
37,Sao Tome & Principe,100,2015
38,Senegal,14.28,2015
39,Sierra Leone,,2015
40,Somalia,50,2015
41,South Africa,80,2015
42,South Sudan,100,2015
43,Sudan,100,2015
44,Tanzania,16.67,2015
45,Togo,25,2015
46,Tunisia,25,2015
47,Uganda,100,2015
48,Zambia,,2015
49,Zimbabwe,100,2015
50,Algeria,100,2016
51,Angola,66.6,2016
52,Benin,50,2016
53,Burkina Faso,14.29,2016
54,Burundi,33.33,2016
55,Cameroon,1.2,2016
56,Cape Verde,100,2016
57,Central African Republic,50,2016
58,Chad,50,2016
59,Comoros,100,2016
60,Congo Democratic Republic,9.09,2016
61,Cote d'Ivoire,75,2016
62,Djibouti,50,2016
63,Egypt,12.5,2016
64,Eritrea,100,2016
65,Eswatini,100,2016
66,Ethiopia,100,2016
67,Gabon,50,2016
68,Gambia,100,2016
69,Ghana,10,2016
70,Guinea,,2016
71,Guinea Bissau,22,2016
72,Kenya,20,2016
73,Lesotho,100,2016
74,Liberia,12.5,2016
75,Madagascar,50,2016
76,Malawi,25,2016
77,Mali,50,2016
78,Mauritania,50,2016
79,Mauritius,33.3,2016
80,Morocco,100,2016
81,Mozambique,100,2016
82,Namibia,50,2016
83,Niger,33.33,2016
84,Nigeria,89.8,2016
85,Rwanda,50,2016
86,Sao Tome & Principe,100,2016
87,Senegal,14.28,2016
88,Sierra Leone,,2016
89,Somalia,50,2016
90,South Africa,33.3,2016
91,South Sudan,100,2016
92,Sudan,100,2016
93,Tanzania,16.67,2016
94,Togo,20,2016
95,Tunisia,25,2016
96,Uganda,100,2016
97,Zambia,,2016
98,Zimbabwe,100,2016
99,Algeria,100,2017
100,Angola,66.6,2017
101,Benin,50,2017
102,Burkina Faso,14.29,2017
103,Burundi,33.33,2017
104,Cameroon,1.2,2017
105,Cape Verde,100,2017
106,Central African Republic,50,2017
107,Chad,50,2017
108,Comoros,100,2017
109,Congo Democratic Republic,9.09,2017
110,Cote d'Ivoire,75,2017
111,Djibouti,50,2017
112,Egypt,12.5,2017
113,Eritrea,100,2017
114,Eswatini,100,2017
115,Ethiopia,100,2017
116,Gabon,50,2017
117,Gambia,100,2017
118,Ghana,7.1,2017
119,Guinea,,2017
120,Guinea Bissau,24.5,2017
121,Kenya,16.67,2017
122,Lesotho,100,2017
123,Liberia,12.5,2017
124,Madagascar,50,2017
125,Malawi,25,2017
126,Mali,50,2017
127,Mauritania,50,2017
128,Mauritius,33.3,2017
129,Morocco,100,2017
130,Mozambique,100,2017
131,Namibia,50,2017
132,Niger,33.33,2017
133,Nigeria,86.7,2017
134,Rwanda,50,2017
135,Sao Tome & Principe,100,2017
136,Senegal,14.28,2017
137,Sierra Leone,,2017
138,Somalia,50,2017
139,South Africa,33.3,2017
140,South Sudan,100,2017
141,Sudan,100,2017
142,Tanzania,16.67,2017
143,Togo,25,2017
144,Tunisia,20,2017
145,Uganda,100,2017
146,Zambia,,2017
147,Zimbabwe,100,2017
148,Algeria,100,2018
149,Angola,66.6,2018
150,Benin,25,2018
151,Burkina Faso,14.29,2018
152,Burundi,33.33,2018
153,Cameroon,1.2,2018
154,Cape Verde,100,2018
155,Central African Republic,50,2018
156,Chad,50,2018
157,Comoros,100,2018
158,Congo Democratic Republic,8.33,2018
159,Cote d'Ivoire,75,2018
160,Djibouti,50,2018
161,Egypt,12.5,2018
162,Eritrea,100,2018
163,Eswatini,100,2018
164,Ethiopia,100,2018
165,Gabon,50,2018
166,Gambia,100,2018
167,Ghana,7.1,2018
168,Guinea,,2018
169,Guinea Bissau,39.3,2018
170,Kenya,16.67,2018
171,Lesotho,100,2018
172,Liberia,12.5,2018
173,Madagascar,50,2018
174,Malawi,25,2018
175,Mali,50,2018
176,Mauritania,50,2018
177,Mauritius,33.3,2018
178,Morocco,100,2018
179,Mozambique,100,2018
180,Namibia,50,2018
181,Niger,33.33,2018
182,Nigeria,86.7,2018
183,Rwanda,50,2018
184,Sao Tome & Principe,100,2018
185,Senegal,14.28,2018
186,Sierra Leone,,2018
187,Somalia,50,2018
188,South Africa,33.3,2018
189,South Sudan,100,2018
190,Sudan,100,2018
191,Tanzania,14.8,2018
192,Togo,20,2018
193,Tunisia,20,2018
194,Uganda,100,2018
195,Zambia,,2018
196,Zimbabwe,100,2018
197,Algeria,100,2019
198,Angola,66.6,2019
199,Benin,50,2019
200,Burkina Faso,14.29,2019
201,Burundi,33.33,2019
202,Cameroon,1.2,2019
203,Cape Verde,100,2019
204,Central African Republic,50,2019
205,Chad,33.33,2019
206,Comoros,100,2019
207,Congo Democratic Republic,7.14,2019
208,Cote d'Ivoire,75,2019
209,Djibouti,50,2019
210,Egypt,12.5,2019
211,Eritrea,100,2019
212,Eswatini,100,2019
213,Ethiopia,100,2019
214,Gabon,50,2019
215,Gambia,100,2019
216,Ghana,7.1,2019
217,Guinea,,2019
218,Guinea Bissau,54.2,2019
219,Kenya,16.67,2019
220,Lesotho,100,2019
221,Liberia,12.5,2019
222,Madagascar,50,2019
223,Malawi,25,2019
224,Mali,50,2019
225,Mauritania,50,2019
226,Mauritius,33.3,2019
227,Morocco,100,2019
228,Mozambique,100,2019
229,Namibia,50,2019
230,Niger,33.33,2019
231,Nigeria,86.7,2019
232,Rwanda,50,2019
233,Sao Tome & Principe,100,2019
234,Senegal,14.28,2019
235,Sierra Leone,,2019
236,Somalia,33.33,2019
237,South Africa,33.3,2019
238,South Sudan,100,2019
239,Sudan,100,2019
240,Tanzania,14.8,2019
241,Togo,20,2019
242,Tunisia,20,2019
243,Uganda,94.2,2019
244,Zambia,,2019
245,Zimbabwe,100,2019
